{
    "pools": [
        {
            "rolls": 1,
            "conditions": [
                {
                    "condition":"damage_source_properties",
                    "predicate": {
                        "source_entity": {
                            "player":{}
                        }
                    }
                }
            ],
                     "entries": [
                {
                    "type": "minecraft:item",
                    "name":"minecraft:beef",
                    "functions": [
                        {
                            "function": "set_count",
                            "count": {
                                "type": "uniform",
                                "min": 0,
                                "max": 1
                            }
                        }
                    ],
                    "weight": 10
                },
                {
                    "type": "minecraft:item",
                    "name":"minecraft:chicken",
                    "functions": [
                        {
                            "function": "set_count",
                            "count": {
                                "type": "uniform",
                                "min": 0,
                                "max": 1
                            }
                        }
                    ],
                    "weight": 10
                },
                {
                    "type": "minecraft:item",
                    "name":"minecraft:mutton",
                    "functions": [
                        {
                            "function": "set_count",
                            "count": {
                                "type": "uniform",
                                "min": 0,
                                "max": 1
                            }
                        }
                    ],
                    "weight": 10
                },
                {
                    "type": "minecraft:item",
                    "name":"minecraft:cod",
                    "functions": [
                        {
                            "function": "set_count",
                            "count": {
                                "type": "uniform",
                                "min": 0,
                                "max": 1
                            }
                        }
                    ],
                    "weight": 1
                },
                {
                    "type": "minecraft:item",
                    "name":"minecraft:porkchop",
                    "functions": [
                        {
                            "function": "set_count",
                            "count": {
                                "type": "uniform",
                                "min": 0,
                                "max": 1
                            }
                        }
                    ],
                    "weight": 10
                },
                {
                    "type": "minecraft:item",
                    "name":"minecraft:rabbit",
                    "functions": [
                        {
                            "function": "set_count",
                            "count": {
                                "type": "uniform",
                                "min": 0,
                                "max": 1
                            }
                        }
                    ],
                    "weight": 10
                },
                {
                    "type": "minecraft:item",
                    "name":"minecraft:salmon",
                    "functions": [
                        {
                            "function": "set_count",
                            "count": {
                                "type": "uniform",
                                "min": 0,
                                "max": 1
                            }
                        }
                    ],
                    "weight": 10
                },
                {
                    "type": "minecraft:empty",
                    "weight":30
                }
            ]
        },
        {
            "rolls": 1,
            "entries": [
                {
                    "type":"minecraft:item",
                    "name":"minecraft:rotten_flesh"
                }
            ]
        }
    ]
}