{
	"display": {
		"icon": {
			"item": "minecraft:coal"
		},
		"title": "地心历险记",
		"description": "获得一块煤",
		"frame": "task",
		"background": "minecraft:textures/gui/advancements/backgrounds/stone.png",
		"show_toast": true,
		"announce_to_chat": true,
		"hidden": false
	},
	"criteria": {
		"get_stone": {
			"trigger": "minecraft:inventory_changed",
			"conditions":{
				"items": [
					{
						"items":[
							"minecraft:coal"
						]
					}
				]
			}
		}
	},
	"requirements": [
		["get_stone"]
	],
	"rewards": {
		"experience": 1000
	}
}